<?xml version="1.0" encoding="UTF-8"?>
<beans xmlns="http://www.springframework.org/schema/beans"
	xmlns:xsi="http://www.w3.org/2001/XMLSchema-instance" xmlns:jdbc="http://www.springframework.org/schema/jdbc"
	xsi:schemaLocation="http://www.springframework.org/schema/jdbc http://www.springframework.org/schema/jdbc/spring-jdbc-3.1.xsd
		http://www.springframework.org/schema/beans http://www.springframework.org/schema/beans/spring-beans.xsd">

	<jdbc:embedded-database id="dataSource" type="HSQL">
		<jdbc:script location="classpath:BoardSchema.sql" />
		<jdbc:script location="classpath:BoardData.sql" />
	</jdbc:embedded-database>

	<bean id="sqlMapClient" class="org.springframework.orm.ibatis.SqlMapClientFactoryBean">
		<property name="dataSource" ref="dataSource" />
		<property name="configLocation" value="classpath:sqlmap/sqlmap-config.xml" />
	</bean>
</beans>
