<?xml version="1.0" encoding="UTF-8"?>
<beans xmlns="http://www.springframework.org/schema/beans"
	xmlns:xsi="http://www.w3.org/2001/XMLSchema-instance"
	xmlns:aop="http://www.springframework.org/schema/aop"
	xsi:schemaLocation="http://www.springframework.org/schema/aop http://www.springframework.org/schema/aop/spring-aop-3.1.xsd
		http://www.springframework.org/schema/beans http://www.springframework.org/schema/beans/spring-beans.xsd">
	<aop:aspectj-autoproxy />	
	
	<bean id="myAspect" class="aop004.MyAspect" />
	<bean id="boy" class="aop004.Boy" />
	<bean id="girl" class="aop004.Girl" />
	
	<aop:config>
		<aop:pointcut expression="execution(* housework())" id="iampc"/>
		
		<aop:aspect ref="myAspect">			
			<aop:before method="before" pointcut-ref="iampc" />
			<aop:after method="lockDoor" pointcut-ref="iampc" />
		</aop:aspect>
	</aop:config>
</beans>