<?xml version="1.0" encoding="UTF-8"?>
<!DOCTYPE sqlMap PUBLIC "-//ibatis.apache.org//DTD SQL Map 2.0//EN" "http://ibatis.apache.org/dtd/sql-map-2.dtd" >
<sqlMap>
	<typeAlias alias="boardVO" type="com.heaven.mvc.board.domain.BoardVO" />
	
	<select id="list" resultClass="boardVO">
		SELECT * FROM BOARD 
		WHERE 1 = 1
		ORDER BY seq
	</select>
	
	<select id="select" resultClass="boardVO" parameterClass="int">
		SELECT * FROM BOARD WHERE seq = #seq#
	</select>
	
	<insert id="insert" parameterClass="boardVO">
		INSERT INTO BOARD 
			(title, content, writer, password, regDate, cnt) 
		VALUES 
			(#title#, #content#, #writer#, #password#, SYSDATE, 0);
		<selectKey keyProperty="seq" resultClass="Integer">
			SELECT NVL(MAX(seq), 0) FROM BOARD
		</selectKey>
	</insert>
	
	<update id="update" parameterClass="boardVO">
		UPDATE BOARD SET
			  title = #title#
			, content = #content#
			, writer = #writer#
		WHERE seq = #seq#
		AND password = #password#
	</update>
	
	<update id="updateCount" parameterClass="int">
		UPDATE BOARD SET
			  cnt = cnt + 1
		WHERE seq = #seq#
	</update>
	
	<delete id="delete" parameterClass="boardVO">
		DELETE FROM BOARD 
		WHERE seq = #seq#		
		AND password = #password#
	</delete>	
	
	<delete id="deleteAll">
		DELETE FROM BOARD 
	</delete>
</sqlMap>